,id,title,url,num_tweets
2183,1556006,NY May Give Automatic Voter Registration to Illegals with Driver's Licenses,https://www.breitbart.com/politics/2020/01/07/new-york-may-give-automatic-voter-registration-to-illegal-aliens-with-drivers-licenses/,1441
2184,1557808,New York Democrats Move to Register Illegal Aliens Non-Citizens to Vote,https://www.breitbart.com/politics/2020/01/09/new-york-democrats-move-to-register-illegal-aliens-non-citizens-to-vote/,764
2185,1553916,Michael Moore Sends Iran Leader a Direct Message: Let Me and Millions of Americans Remove Trump,https://www.breitbart.com/entertainment/2020/01/05/michael-moore-begs-iran-leader-let-me-and-millions-of-americans-remove-trump/,646
2186,1555516,Michael Moore in Farsi Apologizes to Iran for Air Strike that Killed Qasem Soleimani,https://www.breitbart.com/entertainment/2020/01/07/michael-moore-apologizes-to-iran-for-air-strike-that-killed-qasem-soleimani/,468
2187,1550356,Pollak: Welcome to 2020 the Year of the Good Fight,https://www.breitbart.com/2020-election/2019/12/31/pollak-welcome-to-2020-the-year-of-the-good-fight/,256
2188,1557151,Delingpole: Princess Yoko Splits Up the Royal Band,https://www.breitbart.com/europe/2020/01/09/princess-yoko-splits-up-the-royal-band/,172
2189,1560668,California is Ripe For a Trump-Style Upset,https://www.redstate.com/kiradavis/2020/01/13/764759/,158
2190,1556624,#RedforEd Teachers Rally Around Bernie Sanders,https://www.breitbart.com/politics/2020/01/08/redfored-teachers-rally-around-bernie-sanders-socialist-banner/,132
2250,1572636,Exclusive: McCarthy Sets All-Time Annual Fundraising Record as GOP Seeks to Retake Majority,https://www.breitbart.com/politics/2020/01/27/exclusive-kevin-mccarthy-sets-all-time-annual-fundraising-record-as-gop-embarks-on-effort-to-retake-house-majority/,1013
2251,1572914,Hillary Clinton Feels the 'Urge' for Trump Re-Run Says She Would Win,https://www.breitbart.com/politics/2020/01/28/hillary-clinton-feels-the-urge-for-trump-re-run-says-she-would-win/,865
2252,1567940,Adam Schiff: Americans are too stupid to decide elections - WND,https://www.wnd.com/2020/01/adam-schiff-americans-stupid-decide-elections/,864
2253,1566116,Pro-Life Susan B. Anthony List to Spend $52 Million in 2020 Election Cycle,https://www.breitbart.com/politics/2020/01/20/pro-life-susan-b-anthony-list-to-spend-52-million-in-2020-election-cycle/,375
2254,1571992,Exclusive -- Alabama Poll: Jeff Sessions Takes Commanding 21-Point Lead over GOP Field,https://www.breitbart.com/politics/2020/01/27/exclusive-alabama-poll-jeff-sessions-takes-commanding-21-point-lead-over-gop-field/,371
2255,1567803,Adam Schiff Tells The World Trump Is Cheating And Trying To Steal The Election,https://www.politicususa.com/2020/01/22/adam-schiff-tells-the-world-trump-is-cheating-and-trying-to-steal-the-election.html,315
2256,1568855,Bret Baier to Schiff: What Did You Mean When You Said Ballot Box Can’t Be Used to Decide Trump’s Political Fate?,https://www.redstate.com/sister-toldjah/2020/01/23/bret-baier-to-adam-schiff-what-did-you-mean-ballot-box-cant-be-used-decide-trumps-political-fate/,301
2257,1562569,Blackburn Calls for Recusal of Democrat Presidential Candidates,https://www.breitbart.com/politics/2020/01/15/marsha-blackburn-calls-for-recusal-of-democrat-presidential-candidates-from-impeachment-process/,294
2258,1563809,Rep. Ilhan Omar faces an unexpected Republican challenger in Minnesota — she’s a Muslim refugee too,https://www.theblaze.com/news/omar-faces-republican-muslim-refugee,260
2259,1568551,Schiff claims that if President Trump is not removed from office by impeachment Americans can't trust the results of the 2020 election,https://www.theblaze.com/news/schiff-claims-that-if-president-trump-is-not-removed-from-office-americans-cant-trust-the-results-of-the-2020-election,250
2260,1571289,Democrat House impeachment manager inadvertently admits what impeachment is actually about,https://www.theblaze.com/news/democrat-house-impeachment-manager-inadvertently-admits-what-impeachment-is-actually-about,229
2261,1569910,Sekulow Blasts Schiff for Taking Alexander Hamilton Quote Out of Context During Trial,https://www.redstate.com/nick-arama/2020/01/24/sekulow-blasts-schiff-for-taking-alexander-hamilton-quote-out-of-context-during-trial/,119
2262,1570605,Barrasso: Schiff 'Lost Credibility Significantly' When Evidence Was Presented,https://www.breitbart.com/clips/2020/01/25/barrasso-schiff-lost-credibility-significantly-when-evidence-was-presented/,116
2263,1568739,Stacey Abrams: We Need to Stop 'Re-litigating' Past Elections,https://www.breitbart.com/politics/2020/01/23/stacey-abrams-we-need-to-stop-re-litigating-past-elections/,100
2348,1579055,DNC Mulls Asking Donald Trump To Run As Democrat In Effort To Stop Sanders,https://politics.theonion.com/dnc-mulls-asking-donald-trump-to-run-as-democrat-in-eff-1841432132,3582
2349,1588084,Virginia Passes Bill to Give Electoral Votes to Popular Vote Winner,https://www.breitbart.com/politics/2020/02/12/virginia-passes-bill-to-give-electoral-votes-to-popular-vote-winner/,1348
2350,1576710,Stacey Abrams Predicts She Will Be Elected President by 2040,https://www.breitbart.com/politics/2020/01/31/stacey-abrams-predicts-she-will-be-elected-president-by-2040/,1093
2351,1577257,Report: DNC Members Exploring Rule Change to Stop Bernie Sanders,https://www.breitbart.com/politics/2020/02/01/dnc-members-exploring-rule-change-stop-bernie-sanders/,393
2352,1582457,Rick Scott Introduces Amendment To Stop Future Impeachment Of Trump Accomplices,https://www.politicususa.com/2020/02/06/rick-scott-impeachment.html,347
2353,1587326,Here Are the Amazing Numbers on GOP Primary Turnout and a Graph That’s Good News for Trump,https://www.redstate.com/nick-arama/2020/02/12/heres-how-the-new-gop-primary-is-doing-and-its-great-news-for-trump/,341
2354,1580424,Republicans Launch Operation To Help Bernie Sanders Win The South Carolina Primary,https://www.politicususa.com/2020/02/04/republicans-launch-operation-help-bernie-sanders-win-south-carolina-primary.html,295
2355,1581416,52 Republican Traitors Betray Their Country By Acquitting Trump,https://www.politicususa.com/2020/02/05/52-republican-traitors-betray-their-country-by-acquitting-trump.html,250
2356,1584998,Bombshell: Sanders once said he didn't mind being called 'a communist' was investigated by FBI,https://www.theblaze.com/news/sanders_fbi_investigation_communist,239
2357,1578199,Ballot Initiative Banning 'Assault Weapons' Falls Short in Florida,https://www.breitbart.com/politics/2020/02/02/ballot-initiative-banning-assault-weapons-falls-short-in-florida/,190
2358,1576446,Profile In GOP Cowardice Rob Portman Says Trump Was Inappropriate But Not Removable,https://www.politicususa.com/2020/01/31/rob-portman-gop-coward.html,135
2359,1579512,IA Dem Party: 'Inconsistencies' Found in Reporting of Caucus Results,https://www.breitbart.com/2020-election/2020/02/03/iowa-democrat-party-inconsistencies-found-in-three-sets-of-caucus-results/,113
2445,1593972,Federal court gives green light for Florida’s 1.4 million ex-felons to register to vote,https://occupydemocrats.com/2020/02/19/federal-court-gives-green-light-for-floridas-1-4-million-ex-felons-to-register-to-voter/,679
2446,1597311,Ex-Clinton adviser predicts Bloomberg Clinton plotting 'scheme' to make Hillary the Dem nominee,https://www.theblaze.com/news/ex-clinton-adviser-predicts-bloomberg-clinton-plotting-scheme-to-make-hillary-dem-nominee,521
2447,1597331,Dick Morris: Hillary Clinton Will Get the Nomination in a Brokered Convention,https://www.breitbart.com/clips/2020/02/23/dick-morris-hillary-clinton-will-get-the-nomination-in-a-brokered-convention/,394
2448,1597385,Ex-Bill Clinton Adviser Details ‘Scheme’ He Think Is In the Works to Help Hillary Become the Democratic Nominee,https://www.redstate.com/nick-arama/2020/02/23/ex-bill-clinton-adviser-details-scheme-he-think-is-in-the-works-to-help-hillary-become-the-democratic-nominee/,363
2449,1597314,Former Clinton Adviser: Hillary & Bloomberg Planning To Install Her As Democrat Nominee,https://www.infowars.com/former-clinton-adviser-hillary-bloomberg-planning-to-install-her-as-democrat-nominee/,324
2450,1596783,James Carville rips DNC as Bernie Sanders wins Nevada: 'One of the truly stupid parties in the world',https://www.theblaze.com/news/carville_rips_dnc_truly_stupid,266
2451,1601727,Lindsey Graham: Bernie Sanders Nomination a Down-Ballot Democrat's 'Worst Nightmare',https://www.breitbart.com/clips/2020/02/27/lindsey-graham-bernie-sanders-nomination-a-down-ballot-democrats-worst-nightmare/,234
2452,1599680,2 Florida Democrats File Lawsuit Say Bernie Sanders Should Not Be on Primary Ballot,https://www.redstate.com/sister-toldjah/2020/02/25/2-florida-democrats-file-lawsuit-say-bernie-sanders-should-not-be-on-primary-ballot/,217
2453,1596967,Democratic Party Establishment Freakout After Bernie Sanders Wins Nevada,https://www.breitbart.com/politics/2020/02/23/democratic-party-establishment-freakout-after-bernie-sanders-wins-nevada/,154
2454,1599271,California Changes Official Language for Youth Programs From “At-Risk Youth” to “At-Promise Youth”,https://www.redstate.com/kiradavis/2020/02/25/ca-governor-newsom/,153
2455,1601450,‘Overwhelming’ Opposition to Bernie Sanders Among Superdelegates,https://www.breitbart.com/2020-election/2020/02/27/superdelegates-signal-they-wont-back-bernie-sanders-in-a-contested-convention-overwhelming-opposition/,112
2456,1601720,Democrat Super-Delegates May Have Just Ensured Total Chaos at the Convention,https://www.redstate.com/bonchie/2020/02/27/panic-democrat-super-delegates-say-bernie-shouldnt-be-the-nominee-with-just-a-plurality/,103
2545,1611087,Kamala Harris Looks Like A VP As She Brings Down The House At Biden’s Michigan Rally,https://www.politicususa.com/2020/03/09/kamala-harris-sounds-like-a-vp-as-she-brings-down-the-house-at-bidens-michigan-rally.html,4051
2546,1619989,Coronavirus: London Mayoral Election Suspended for 12 Months,https://www.breitbart.com/europe/2020/03/13/coronavirus-london-mayoral-election-suspended-12-months/,2534
2547,1619003,Voter Fraud Ring Caught Rigging Elections for Democrats in Texas,https://neonnettle.com/news/5336-voter-fraud-ring-caught-rigging-elections-for-democrats-in-texas,842
2548,1607293,Bernie Sanders: I'll Drop Out if Biden Has Most Delegates at DNC,https://www.breitbart.com/2020-election/2020/03/05/bernie-sanders-ill-drop-out-if-biden-has-most-delegates-at-convention/,568
2549,1621556,Why is this woman not being talked about every day on this site?,https://www.dailykos.com/stories/2020/3/13/1927289/-Why-is-this-woman-not-being-talked-about-every-day-on-this-site,408
2550,1604981,Thousands Pack Biden’s Dallas Rally As Trump’s Nightmare Of Democratic Unity Comes True,https://www.politicususa.com/2020/03/02/thousands-packed-bidens-dallas-rally-trumps-nightmare-democratic-unity-comes-true.html,291
2551,1605906,Problems Have Sanders Supporters Fearing a Rigged Election,https://www.breitbart.com/politics/2020/03/03/problems-across-super-tuesday-states-have-sanders-supporters-fearing-a-rigged-election/,288
2552,1614810,Democrat Voter Fraud in Minnesota,https://www.frontpagemag.com/fpm/2020/03/democrat-voter-fraud-minnesota-bruce-hendry/,252
2553,1603365,S. Carolina Exit Poll: Two-Thirds Democrats View Bloomberg Unfavorably,https://www.breitbart.com/2020-election/2020/02/29/south-carolina-exit-poll-two-thirds-of-democrats-view-bloomberg-unfavorably/,221
2554,1623402,PA Lawmaker: Coronavirus Could Make In-Person Voting ‘Unrealistic’,https://www.breitbart.com/politics/2020/03/14/pennsylvania-lawmaker-promotes-vote-by-mail-for-primary-coronavirus-could-make-in-person-voting-unrealistic/,141
2555,1604378,The Supreme Court Just Put Obamacare On The Ballot For November,https://www.politicususa.com/2020/03/02/the-supreme-court-just-put-obamacare-on-the-ballot-for-november.html,117
2556,1622455,Voting Rights Roundup: Coronavirus may disrupt elections. The U.S. must enact universal vote-by-mail,https://www.dailykos.com/stories/2020/3/13/1927299/-Voting-Rights-Roundup-Coronavirus-may-disrupt-elections-The-U-S-must-enact-universal-vote-by-mail,113
2557,1608856,California Primary Reveals Nine House Seats Currently Held by Democrats Which Just Might Flip,https://www.redstate.com/elizabeth-vaughn/2020/03/06/california-primary-reveals-nine-house-seats-currently-held-by-democrats-could-be-at-risk/,104
2645,1650299,Pelosi 'Stimulus' Bill Imposes Nationwide 'Ballot Harvesting' Without 'Any Limit',https://www.breitbart.com/2020-election/2020/03/23/pelosi-stimulus-bill-imposes-nationwide-ballot-harvesting-without-any-limit/amp/?__twitter_impression=true,5130
2646,1636283,Coronavirus: Hillary Clinton Calls to 'Make Voting by Mail the Norm' in 2020,https://www.breitbart.com/politics/2020/03/18/coronavirus-hillary-clinton-calls-to-make-voting-by-mail-the-norm/,1055
2647,1650338,Pelosi Coronavirus Plan: Nationwide Ballot Harvesting for 2020 Election,https://www.breitbart.com/politics/2020/03/23/pelosi-coronavirus-plan-nationwide-ballot-harvesting-for-2020-election/,452
2648,1645462,Gavin Newsom Allows Voting by Mail to Protect Californians from Virus,https://www.breitbart.com/health/2020/03/21/gavin-newsom-allows-voting-by-mail-to-protect-californians-from-coronavirus/amp/?__twitter_impression=true,417
2649,1629242,These 17 states must change their laws to let voters cast absentee mail ballots without an excuse,https://www.dailykos.com/stories/2020/3/16/1927986/-These-17-states-must-change-their-laws-to-let-voters-cast-absentee-mail-ballots-without-an-excuse,415
2650,1650672,Schiff: Early Voting and Voting by Mail 'Very Much Interrelated' with 'Economic Health',https://www.breitbart.com/clips/2020/03/23/schiff-early-voting-and-voting-by-mail-very-much-interrelated-with-economic-health/amp/?__twitter_impression=true,336
2651,1657715,Wicked Immoral Woman: Pelosi Tried to Ram Illegal Ballot Harvesting into Coronavirus Stimulus Bill,https://www.thegatewaypundit.com/2020/03/wicked-immoral-woman-pelosi-tried-to-ram-illegal-ballot-harvesting-into-coronavirus-stimulus-bill/,307
2652,1654692,Avenues to Voter Fraud Have No Place in Coronavirus Bill,https://www.dailysignal.com/2020/03/25/avenues-to-voter-fraud-have-no-place-in-coronavirus-bill/,286
2653,1639620,Tom Fitton Warns Dems Using Pandemic to Push Unsecure Vote-By-Mail ‘Free for All’,https://www.judicialwatch.org/in-the-news/tom-fitton-warns-dems-using-pandemic-to-push-unsecure-vote-by-mail-free-for-all/,198
2654,1651364,Morning Digest: Mitch McConnell-linked super PAC reserves $67 million in TV ads for key Senate races,https://www.dailykos.com/stories/2020/3/24/1930470/-Morning-Digest-Mitch-McConnell-linked-super-PAC-reserves-67-million-in-TV-ads-for-key-Senate-races,188
2655,1652056,Coronavirus: Adam Schiff Defends Pelosi's Changes to Voting Law in Emergency Relief Bill,https://www.breitbart.com/politics/2020/03/24/coronavirus-adam-schiff-defends-pelosis-changes-to-voting-law-in-emergency-relief-bill/,184
2656,1660517,Watch Live: House Debates $2 Trillion Coronavirus Economic Relief Bill,https://www.breitbart.com/politics/2020/03/27/watch-live-house-debates-2-trillion-coronavirus-economic-relief-bill/,161
2657,1651340,Trump Squashes Democrats’ Partisan Demands For Funding Not Related To Coronavirus,https://www.dailywire.com/news/trump-squashes-democrats-partisan-demands-for-funding-not-related-to-coronavirus/,133
2658,1636182,Coronavirus: Arizona Democrats Push for All-Mail Voting in 2020 Election,https://www.breitbart.com/2020-election/2020/03/18/coronavirus-arizona-official-asks-lawmakers-to-authorize-all-mail-elections/,130
2659,1660384,Morning Digest: GOP won't be on 2020's ballot after nearly three straight decades running San Diego,https://www.dailykos.com/stories/2020/3/27/1931596/-Morning-Digest-GOP-won-t-be-on-2020-s-ballot-after-nearly-three-straight-decades-running-San-Diego,128
2660,1646324,All eyes on November,https://www.palmerreport.com/analysis/all-eyes-on-november/26721/,100
2745,1694943,Eric Eggers: You Don't Have to Take Trump's Word to See Mail-In Vote Fraud,https://www.breitbart.com/politics/2020/04/09/eric-eggers-trump-mail-in-vote-fraud/?fbclid=IwAR0vZx9I3PAMAim7B_yIdiAPz7K2bPFWiu08Vh-pSHK2ZubWXgyjTvcH-Po,3221
2747,1686905,Marc Elias: U.S. Needs Vote-by-Mail Ballot Harvesting,https://www.breitbart.com/politics/2020/04/06/former-clinton-campaign-attorney-marc-elias-u-s-needs-vote-by-mail-ballot-harvesting-vote-anywhere-rules/,1377
2748,1704210,KKK-Blackface Governor Ralph Northam Repeals Virginia Voter ID Laws Expands Early Voting Programs,https://www.thegatewaypundit.com/2020/04/kkk-blackface-governor-ralph-northam-repeals-virginia-voter-laws-expands-early-voting-programs/,992
2749,1692772,The Coronavirus Is no Excuse for Opening the Door to Election Fraud,https://www.breitbart.com/politics/2020/04/08/kobach-the-coronavirus-is-no-excuse-for-opening-the-door-to-election-fraud/,741
2750,1694052,Pelosi Wants New Coronavirus Relief Package to Include Stipulations For Federally Forced Vote By Mail For 2020 Election ⋆ Conservative Firing Line,https://conservativefiringline.com/pelosi-wants-new-coronavirus-relief-package-to-include-stipulations-for-federally-forced-vote-by-mail-for-2020-election/,640
2751,1690935,Donald Trump is spiraling out of control,https://www.palmerreport.com/analysis/spiraling-out-of-control-donald-trump-is/27393/,432
2752,1680244,Nolte: Voting by Mail Is a Terrible Democrat Idea that Invites Fraud,https://www.breitbart.com/politics/2020/04/03/nolte-voting-by-mail-is-a-terrible-democrat-idea-that-invites-fraud/,386
2753,1703441,Dems Plan to Use COVID-19 to Steal 2020 Elections,https://www.newsmax.com/michaeldorstewitz/coronavirus-2020elections/2020/04/13/id/962564/,293
2754,1671936,House Democrats Pushing for Mail-In Voting as Part of Next Stimulus,https://www.breitbart.com/politics/2020/03/31/house-democrats-pushing-for-mail-in-voting-as-part-of-next-stimulus/,292
2755,1690785,Trump Flat Out Calls It A ‘Terrible Thing’ To Make It Easier To Vote,https://www.politicususa.com/2020/04/07/trump-flat-out-calls-it-a-terrible-thing-to-make-it-easier-to-vote.html,240
2756,1703496,Republicans know vote-by-mail is a good thing. They just only want it available to Republicans,https://www.dailykos.com/stories/2020/4/13/1936792/-Republicans-know-vote-by-mail-is-a-good-thing-They-just-only-want-it-available-to-Republicans,209
2757,1698392,Lawsuits on the Horizon as Democrats Gear Up to Push Universal Mail-In Voting,https://www.breitbart.com/politics/2020/04/10/lawsuits-on-the-horizon-as-democrats-gear-up-to-push-universal-mail-in-voting/,193
2758,1703678,Virginia Governor Replaces Day Honoring Confederate Generals With State Holiday on Election Day,https://www.politicususa.com/2020/04/13/virginia-governor-replaces-day-honoring-confederate-generals-with-state-holiday-on-election-day.html,158
2759,1677200,Sarah Silverman Joins Democrats Using Coronavirus to Push 'Vote at Home' Initiative,https://www.breitbart.com/entertainment/2020/04/02/sarah-silverman-joins-democrats-using-coronavirus-to-push-vote-at-home-initiative/amp/,141
2761,1688709,'One of the Most Brazen Acts of Voter Suppression in Modern Times' as US Supreme Court Blocks Absentee Ballot Extension in Wisconsin,https://www.commondreams.org/news/2020/04/07/one-most-brazen-acts-voter-suppression-modern-times-us-supreme-court-blocks-absentee,116
2762,1692360,Hillary Clinton Peddles Voting Reform: ‘We Need to Act Now’,https://www.breitbart.com/politics/2020/04/08/hillary-clinton-peddles-voting-reform-we-need-to-act-now/,104
2845,1733855,Cuomo Orders Absentee Ballot Applications Sent to Every New York Voter,https://www.breitbart.com/health/2020/04/25/andrew-cuomo-orders-postage-paid-absentee-ballot-applications-sent-every-new-york-voter/,2466
2846,1724881,15 Election Results That Were Tossed Over Fraudulent Mail-In Ballots,https://www.dailysignal.com/2020/04/21/15-election-results-that-were-thrown-out-because-of-fraudulent-mail-in-ballots/,1353
2847,1708211,True The Vote Ends Left’s Vote-by-Mail Scheme in New Mexico,https://www.breitbart.com/politics/2020/04/14/exclusive-stopped-cold-true-the-vote-ends-lefts-vote-by-mail-scheme-in-new-mexico-as-national-battle-intensifies/,1348
2848,1715218,Gorka: Greatest Coronavirus Threat Is Democrat Push for Mail-in-Voting,https://www.breitbart.com/radio/2020/04/17/sebastian-gorka-greatest-threat-coronavirus-democrat-push-mail-voting/,737
2849,1738132,New York bucks request from the Sanders campaign and cancels Democratic primary,https://www.theblaze.com/news/new-york-bucks-cancels-democratic-presidential-primary,659
2850,1710306,Texas AG threatens to criminally sanction any group that tells voters to apply for a mail-in ballot to avoid COVID-19,https://www.rawstory.com/2020/04/texas-ag-threatens-to-criminally-sanction-any-group-that-tells-voters-to-apply-for-a-mail-in-ballot-to-avoid-covid-19/,544
2851,1719970,Dem Sen. Coons Calls for $3.6 Billion Vote-by-Mail Funding -- 'We Ought to Be Able to Do This',https://www.breitbart.com/clips/2020/04/19/dem-sen-coons-calls-for-3-6-billion-vote-by-mail-funding-we-ought-to-be-able-to-do-this/,537
2852,1729246,"Top Elections Lawyer: Vote-By-Mail Is ""The Most Massive Fraud Scheme In American History""",https://www.zerohedge.com/political/top-elections-lawyer-vote-mail-most-massive-fraud-scheme-american-history,521
2853,1737884,'Bad for Democracy': New York Board of Elections Removes Bernie Sanders From Primary Ballot,https://www.commondreams.org/news/2020/04/27/bad-democracy-new-york-board-elections-removes-bernie-sanders-primary-ballot,354
2854,1726232,Judicial Watch’s Campaign for Clean Elections,https://www.judicialwatch.org/investigative-bulletin/judicial-watchs-campaign-for-clean-elections/,325
2855,1732057,Pelosi Pushes Vote-by-Mail -- 'Every Person Registered to Vote Should Receive a Ballot',https://www.breitbart.com/clips/2020/04/24/pelosi-pushes-vote-by-mail-every-person-registered-to-vote-should-receive-a-ballot/,320
2856,1724680,California GOP Asks Gavin Newsom to Stop 'Ballot Harvesting' Due to Coronavirus,https://www.breitbart.com/politics/2020/04/21/california-gop-asks-gavin-newsom-to-stop-ballot-harvesting-due-to-coronavirus/,287
2857,1724671,NY GOP Warns of Legal Challengen to Cuomo's Mandating Mail-In Voting,https://www.breitbart.com/politics/2020/04/21/ny-gop-warns-it-will-legally-challenge-cuomos-executive-order-mandating-mail-in-voting-at-every-level/,249
2858,1709481,Clinton Lawyer Behind Fake Russia Dossier Pressures Nevada to Allow Ballot Harvesting Due to Coronavirus Concerns,https://www.thegatewaypundit.com/2020/04/clinton-lawyer-behind-fake-russia-dossier-pressures-nevada-allow-ballot-harvesting-due-coronavirus-concerns/,249
2859,1716721,Bernie Sanders Gets Dragged By Supporters For Sending Fundraising Email For The DNC,https://www.thegatewaypundit.com/2020/04/bernie-sanders-gets-dragged-supporters-sending-fundraising-email-dnc/,227
2860,1735128,Stealing the Election in Plain Sight,https://www.americanthinker.com/articles/2020/04/stealing_the_election_in_plain_sight.html,209
2861,1736014,Schiff: Every American Must Have 'Easy Access to Voting by Mail with a Postage Paid Ballot' in November,https://www.breitbart.com/clips/2020/04/26/schiff-every-american-must-have-easy-access-to-voting-by-mail-with-a-postage-paid-ballot-in-november/,162
2862,1727157,Exclusive: True the Vote Sues Nevada to Protect Election Integrity,https://www.breitbart.com/politics/2020/04/22/exclusive-true-the-vote-sues-nevada-to-protect-election-integrity/,143
2863,1721543,Marijuana Laws By State,https://www.theonion.com/marijuana-laws-by-state-1842963497,131
2864,1709660,The Wisconsin election postmortems suggest Republican efforts to suppress voters may have backfired,https://www.dailykos.com/stories/2020/4/15/1937530/-The-Wisconsin-election-postmortems-suggest-Republican-efforts-to-suppress-voters-may-have-backfired,127
2865,1738863,John Cusack Calls on Bernie Sanders to 'Un Endorse' Joe Biden And 'Re Open Campaign',https://www.breitbart.com/entertainment/2020/04/27/john-cusack-calls-on-bernie-sanders-to-un-endorse-joe-biden-and-re-open-campaign/,114
2866,1714093,Progressives Want Mail Voting,https://www.frontpagemag.com/fpm/2020/04/progressives-want-mail-voting-j-christian-adams-0/,108
2945,1773256,Eric Eggers: ‘Fair to Assume’ Illegals Will Get Mail-in Ballots in California,https://www.breitbart.com/politics/2020/05/12/exclusive-eric-eggers-fair-to-assume-illegal-aliens-will-get-mail-in-ballots-in-california/,1956
2946,1766714,Database Swells to 1285 Proven Cases of Voter Fraud in America,https://www.dailysignal.com/2020/05/09/database-swells-to-1285-proven-cases-of-voter-fraud-in-america/,1176
2947,1763097,GOP spending $20 million on lawyers to try and make it more difficult for Americans to vote during pandemic: report,https://www.rawstory.com/2020/05/gop-spending-20-million-on-lawyers-to-try-and-make-it-more-difficult-for-americans-to-vote-during-pandemic-report/,1069
2948,1745263,Fmr AG Jeff Sessions: Vote-by-Mail a 'Huge Threat to Democracy' -- 'They'll Pass This Over My Dead Political Body',https://www.breitbart.com/politics/2020/04/29/fmr-ag-jeff-sessions-vote-by-mail-a-huge-threat-to-democracy-theyll-pass-this-over-my-dead-political-body/,1050
2949,1744698,Rice: Pandemic an 'Opportunity' to Make Sure Every American Has 'Access' to the Ballot by Mail,https://www.breitbart.com/clips/2020/04/29/rice-pandemic-an-opportunity-to-make-sure-every-american-has-access-the-ballot-by-mail/,689
2950,1765818,Trump Campaign Slams California's Vote-by-Mail Order,https://www.breitbart.com/2020-election/2020/05/08/trump-campaign-slams-californias-vote-by-mail-order-wide-open-opportunity-for-fraud/,642
2951,1746357,28 Million Reasons Not to Trust a Mail-In Election,https://www.dailysignal.com/2020/04/30/28-million-reasons-not-to-trust-a-mail-in-election/,562
2952,1765408,GOP Launches 'Protect the Vote' to Fight Left's Vote-by-Mail Scheme,https://www.breitbart.com/politics/2020/05/08/rnc-launches-protect-vote-fight-lefts-vote-mail-scheme/,398
2953,1747440,Judge shoots down attack on vote-by-mail: ‘Their claim of voter fraud is without any factual basis’,https://www.rawstory.com/2020/04/judge-shoots-down-attack-on-vote-by-mail-their-claim-of-voter-fraud-is-without-any-factual-basis/,349
2954,1774040,Pelosi Coronavirus Plan: Nationwide Mail-In Voting Ballot Harvesting,https://www.breitbart.com/politics/2020/05/12/pelosi-coronavirus-plan-nationwide-mail-in-voting-ballot-harvesting-for-2020-election/,293
2955,1767059,Hillary Clinton Hopes Other Governors Follow Newsom’s Lead and Order Vote-by-Mail,https://www.breitbart.com/politics/2020/05/09/hillary-clinton-i-hope-other-governors-follow-newsoms-lead-order-vote-mail/,221
2956,1770105,Our new guide shows you how to vote from home in every primary this year,https://www.dailykos.com/stories/2020/5/11/1943109/-Our-new-guide-shows-you-how-to-vote-from-home-in-every-primary-this-year,188
2957,1757692,Ilhan Omar: U.S. Must Have Universal Basic Income Vote-by-Mail,https://www.breitbart.com/politics/2020/05/05/ilhan-omar-u-s-must-have-universal-basic-income-vote-by-mail-and-housing-as-a-start/,154
2958,1774660,Early Results Point to a Blue-to-Red Flip as Mike Garcia Leads In CA-25’s Special Election,https://www.redstate.com/jenvanlaar/2020/05/13/early-results-point-to-a-blue-to-red-flip-in-ca-25s-special-election/,142
2959,1760711,Oklahoma Republicans Move to Reverse State Supreme Court Ruling on Absentee Ballots,https://www.politicususa.com/2020/05/06/oklahoma-republicans-move-to-reverse-state-supreme-court-ruling-on-absentee-ballots.html,110
2960,1762397,High Court Eyes Case That Could Affect Election Integrity Across Nation,https://www.dailysignal.com/2020/05/07/supreme-court-eyes-ballot-harvesting-case-that-could-affect-election-integrity-across-nation/,104
2961,1763263,Supreme Court eyes ballot harvesting case that could affect election integrity across nation - WND,https://www.wnd.com/2020/05/supreme-court-eyes-ballot-harvesting-case-affect-election-integrity-across-nation/,100
3045,1794041,DOJ: Democrats Paid Pennsylvania Election Officials to Stuff Ballot Box,https://www.breitbart.com/politics/2020/05/21/doj-democrats-paid-pennsylvania-election-officials-to-stuff-ballot-box/amp/?__twitter_impression=true,80056
3046,1794595,Philly Elections Judge Pleads Guilty to Stuffing Ballot Boxes for Bribes,https://freebeacon.com/courts/philly-elections-judge-pleads-guilty-to-stuffing-ballot-boxes-for-bribes/,3831
3047,1784810,House Republican Introduces Bill to Ban 'Ballot Harvesting',https://www.breitbart.com/politics/2020/05/17/house-republican-introduces-bill-to-ban-ballot-harvesting/,3022
3048,1790795,‘Objectively nuts’: Trump’s threat against Michigan over absentee ballot applications stuns observers,https://www.rawstory.com/2020/05/objectively-nuts-trumps-threat-against-michigan-over-absentee-ballot-applications-stuns-observers/,2142
3049,1800908,Pelosi on Mail-In Ballot Push: ‘We’re Now calling It Voting at Home’,https://www.breitbart.com/politics/2020/05/24/pelosi-on-mail-in-ballot-push-were-now-calling-it-voting-at-home/,1968
3050,1793734,DOJ Charges Philadelphia Election Official with Stuffing Ballot Box,https://pjmedia.com/columns/j-christian-adams/2020/05/21/philadelphia-ballot-box-stuffing-charges-by-justice-department-n413688,1483
3051,1779448,Devin Nunes: Ballot Harvesting Will Keep CA25 Republican In November,https://crooksandliars.com/2020/05/devin-nunes-ballot-harvesting-will-keep,1183
3052,1797282,This Doesn't Bode Well for Vote-by-Mail: Many Oregon Voters Received the Wrong Primary Ballot,https://pjmedia.com/election/jeff-reynolds/2020/05/22/this-doesnt-bode-well-for-vote-by-mail-many-oregon-voters-received-the-wrong-primary-ballot-n417576,1169
3053,1790767,Donald Trump Threatens to Punish Michigan for Mailing Absentee Ballots,https://www.breitbart.com/politics/2020/05/20/donald-trump-threatens-to-punish-michigan-for-mailing-absentee-ballot-applications-to-voters/,1029
3055,1782339,Louie Gohmert: Democrat '$3 Trillion Giveaway' Will 'Make Ballot Harvesting Legal for the Whole Country',https://www.breitbart.com/politics/2020/05/15/louie-gohmert-democrat-3-trillion-giveaway-will-make-ballot-harvesting-legal-for-the-whole-country/,643
3056,1797473,RNC Joins Opposition to Lawsuit Demanding Ballot Harvesting in Florida,https://www.breitbart.com/politics/2020/05/22/rnc-joins-opposition-to-lawsuit-demanding-ballot-harvesting-in-florida/,628
3057,1789791,All Texans can vote by mail after judge rules absentee ballot restrictions are illegal,https://www.rawstory.com/2020/05/all-texans-can-vote-by-mail-after-judge-rules-absentee-ballot-restrictions-are-illegal/,606
3059,1799604,Oregon Sec. Of State Blames Voters For Growing Ballot Scandal Staffer Mocks Affected GOP Voters - Calls Them Drunks,https://www.thegatewaypundit.com/2020/05/oregon-sec-state-blames-voters-growing-ballot-scandal-staffer-mocks-affected-voters-calls-drunks/,473
3060,1794546,Democratic Party Official Admits He Took Bribes To Stuff Ballot Boxes,https://www.zerohedge.com/political/democratic-party-official-admits-he-took-bribes-stuff-ballot-boxes,468
3061,1795043,Election Judge Pleads Guilty to Ballot Stuffing for Democrats,https://www.dailysignal.com/2020/05/21/election-judge-pleads-guilty-to-ballot-stuffing-for-democrats/,381
3062,1806420,Media Becomes Triggered After Kayleigh McEnany Fact Checks Twitter Over Mail-In Ballot Fraud Claims,https://www.redstate.com/sister-toldjah/2020/05/27/media-becomes-triggered-after-kayleigh-mcenany-fact-checks-twitter-over-mail-in-ballot-fraud-claims/,352
3063,1795152,THIS IS HUGE: Oregon Government Orders Facebook to Remove Gateway Pundit Article on Republican Ballot Scandal – Facebook Complies — Despite Hundreds of Confirmed Testimonies,https://www.thegatewaypundit.com/2020/05/huge-oregon-government-orders-facebook-remove-gateway-pundit-article-republican-ballot-scandal-facebook-complies-despite-hundreds-confirmed-testimonies/,327
3064,1795116,DOJ: Democrats Paid Pennsylvania Election Officials to Stuff Ballot Box,https://truepundit.com/doj-democrats-paid-pennsylvania-election-officials-to-stuff-ballot-box/,277
3065,1788935,Texas Supreme Court Halts Mail-in Ballot Option as Texas AG Ken Paxton Goes to War With Voter Fraud,https://www.redstate.com/brandon_morse/2020/05/19/texas-supreme-court-shoots-down-mail-in-ballot-option/,275
3066,1779537,Devin Nunes Admits He Will Rely On 'Ballot Harvesting' In California,https://crooksandliars.com/cltv/2020/05/devin-nunes-admits-he-will-rely,253
3067,1794695,Donald Trump Warns of Vote by Mail Ballot Pirates,https://www.breitbart.com/politics/2020/05/21/donald-trump-warns-of-vote-by-mail-ballot-pirates/,248
3068,1805025,Tucker Carlson: Mail-In Voting And Ballot Harvesting ‘Massively Expands The Potential For Voter Fraud’,https://dailycaller.com/2020/05/26/tucker-carlson-mail-in-voting-ballot-harvesting-voter-fraud/,247
3069,1804743,Trump Proven Right Again! Mail Carrier Charged in West Virginia Voter Fraud Case in Connection with Manipulation of Absentee Ballot Requests,https://www.thegatewaypundit.com/2020/05/trump-proven-right-mail-carrier-charged-west-virginia-voter-fraud-case-connection-manipulation-absentee-ballot-requests/,226
3070,1794555,Cotton: We Must Block Democrats Using Pandemic to Get All-Mail Voting,https://www.breitbart.com/radio/2020/05/21/tom-cotton-we-must-block-democrats-using-pandemic-to-get-all-mail-voting-ballot-harvesting/,216
3071,1794067,DOJ Announces Charges Against Philadelphia Election Official For Stuffing Ballot Box with Fraudulent Votes to Help Democrat Candidates,https://www.thegatewaypundit.com/2020/05/doj-announces-charges-philadelphia-election-official-stuffing-ballot-box-fraudulent-votes-help-democrat-candidates/,175
3072,1803818,Just In: It's Happening Already Footage Shows Massive New Jersey Mail-In Fraud,https://conservativedailypost.com/new-jersey-voter-fraud-residents-complain-someone-already-used-their-mail-in-ballot/,153
3073,1804642,Twitter Fact-Checks Trump For The First Time After He Claims Mail-In Ballots Will Be ‘Fraudulent’,https://dailycaller.com/2020/05/26/donald-trump-twitter-fact-check-mail-ballot/,147
3074,1801289,Twitter Removes Account on Oregon Voter Ballot Scandal -- Taking the Word of Oregon State Officials and Ignoring Testimony of 2000 Mostly GOP Voters!,https://www.thegatewaypundit.com/2020/05/twitter-removes-account-oregon-voter-ballot-scandal-taking-word-oregon-state-officials-ignoring-testimony-2000-mostly-gop-voters/,141
3075,1803138,Trump: California's Vote-by-Mail Plan Will Yield 'Rigged Election',https://www.newsmax.com/politics/california-newsom-mail-in-ballot-twitter/2020/05/26/id/968975/,137
3077,1804944,West Virginia Mail Carrier Charged With Attempted Election Fraud,https://www.newsmax.com/us/election-fraud-mail-in-ballot/2020/05/26/id/969126/,116
3078,1781851,Nevada's Mail-In Ballot System Wide Open to Fraud and Abuse,https://pjmedia.com/news-and-politics/rick-moran/2020/05/15/nevadas-mail-in-ballot-system-wide-open-to-fraud-and-abuse-n396498,114
3079,1779998,Nunes Says CA Repubs Plan to Ballot Harvest in November; Here’s How to Reduce Vote By Mail Fraud,https://www.redstate.com/jenvanlaar/2020/05/15/count-the-ways-cas-ballot-harvesting-law-leads-to-stolen-elections/,107
3145,1813361,DC Mayor Accuses Trump Of ‘Hiding Behind His Fence’ From ‘Peaceful Protesters’,https://dailycaller.com/2020/05/30/dc-mayor-muriel-bowser-accuses-trump-hiding-behind-white-house-fence-protesters/,1717
3146,1822635,Mail-In Votes Discarded Never Counted in Baltimore Election Due to Error,https://www.breitbart.com/politics/2020/06/03/mail-in-votes-discarded-never-counted-in-baltimore-election-due-to-error/?fbclid=IwAR0XEfo3d7vKoK0EH8nlX0ocyD8gqqmy1oP66EvwYGqMnDoaFSfg-4YLSdk,1544
3147,1829124,L.A. Police Union Calls Eric Garcetti 'Unstable' After He Calls Cops 'Killers',https://www.breitbart.com/politics/2020/06/05/l-a-police-union-calls-eric-garcetti-unstable-after-he-calls-cops-killers/,541
3148,1838355,Des Moines’ top newspaper slams Iowa GOP’s ‘egregious’ voter suppression campaign,https://www.rawstory.com/2020/06/des-moines-top-newspaper-slams-iowa-gops-egregious-voter-suppression-campaign/,284
3149,1819261,‘Bill Barr is a liar’: Trump AG floats new mail-vote conspiracy experts say ‘couldn’t happen’,https://www.rawstory.com/2020/06/bill-barr-is-a-liar-trump-ag-floats-new-mail-vote-conspiracy-experts-say-couldnt-happen/,213
3150,1842383,Iowa Moves to Block Sending Out Unsolicited Mail-In Ballot Applications,https://www.breitbart.com/politics/2020/06/11/iowa-moves-to-block-sending-out-unsolicited-mail-in-ballot-applications/,175
3151,1835545,Did Trump and McEnany vote illegally?,https://www.rawstory.com/2020/06/did-trump-and-mcenany-vote-illegally/,167
3152,1844209,Judicial Watch Asks for Preliminary Relief Enjoining Gov. Newsom’s Order to Mail Ballots to Every Registered Voter in California,https://www.judicialwatch.org/press-releases/ca-preliminary-relief/,156
3153,1828645,Florida Supreme Court Quashes Amendment That Would Outlaw ‘Assault Weapons’,https://dailycaller.com/2020/06/05/florida-supreme-court-assault-weapons/,150
3154,1844417,‘This is cruel’: Betsy DeVos bars certain students including DACA recipients from COVID-19 relief funds,https://www.rawstory.com/2020/06/this-is-cruel-betsy-devos-bars-certain-students-including-daca-recipients-from-covid-19-relief-funds/,145
3155,1823974,Singer and songwriter pens ballad about ‘bunker boy Donald Trump’,https://www.rawstory.com/2020/06/singer-and-songwriter-pens-ballad-about-bunker-boy-donald-trump/,144
3156,1830254,The Trump campaign admits that Trump is losing,https://www.dailykos.com/stories/2020/6/6/1950988/-The-Trump-campaign-admits-that-Trump-is-losing,132
3157,1823188,Guess Who Got Caught Trying To Commit Voter Fraud?,https://crooksandliars.com/2020/06/guess-who-got-caught-almost-committing,118
3158,1836634,Trump is doing everything possible to make safe red-state Senate seats competitive,https://www.dailykos.com/stories/2020/6/9/1951794/-Red-state-blues-Trump-s-fading-popularity-gives-long-shot-Senate-Democrats-a-fighting-chance,115
3159,1829777,Florida Supreme Court Rejects ‘Assault Weapon’ Ban Confiscation Proposal Amidst Riots,https://www.infowars.com/florida-supreme-court-rejects-assault-weapon-ban-confiscation-proposal-amidst-riots/,114
3160,1828265,Coronavirus Fears Not A Valid Excuse To Request Texas Absentee Ballots Appeals Court Rules,https://dailycaller.com/2020/06/05/coronavirus-fears-not-valid-absentee-ballots-court-rules/,114
3161,1842232,Data: 100K Mail-In Ballot Applications Returned as 'Undeliverable' in Rhode Island,https://www.breitbart.com/politics/2020/06/10/data-100k-mail-in-ballot-applications-returned-as-undeliverable-in-rhode-island/,111
3162,1829115,Voting Rights Roundup: Wisconsin GOP plots to block Dem governor's power to veto new gerrymanders,https://www.dailykos.com/stories/2020/6/5/1950824/-Voting-Rights-Roundup-Wisconsin-GOP-plots-to-block-Dem-governor-s-power-to-veto-new-gerrymanders,103
3245,1875818,Dan Patrick: Left Will 'Steal Every Election' w/ Vote-by-Mail,https://www.breitbart.com/politics/2020/06/26/texas-lt-gov-dan-patrick-left-will-steal-every-election-until-the-end-of-time-via-vote-by-mail/,8151
3246,1865667,IT HAPPENED AGAIN! New Jersey Republicans Receive Mail-In Ballots With ONLY DEMOCRAT CHOICES,https://www.thegatewaypundit.com/2020/06/happened-new-jersey-republicans-receive-mail-ballots-democrat-choices/?ff_campaign=websitesharingbuttons&ff_source=Twitter,5711
3247,1875759,NJ City Officials Charged After 1 In 5 Mail-In Ballots Found To Be Fraudulent In Election,https://dailycaller.com/2020/06/26/new-jersey-city-councilmembers-charged-1-in-5-mail-in-ballots-fraudulent/,5311
3249,1854703,Michigan Democrats Send Ballot Applications to Dead People,https://www.thegatewaypundit.com/2020/06/michigan-democrats-send-ballot-applications-dead-people/,1941
3250,1846981,Michigan MAGAs burn their own absentee ballot applications to own the libs,https://www.dailykos.com/stories/2020/6/14/1953082/-Michigan-MAGAs-burn-their-own-absentee-ballot-applications-to-own-the-libs,1673
3251,1875802,Barr: An Election Conducted Primarily by Mail Can't Be Secure,https://www.breitbart.com/clips/2020/06/26/barr-an-election-conducted-primarily-by-mail-cant-be-secure/,1261
3252,1863612,Attorney General William Barr: Mail-In Voting ‘Absolutely Opens The Floodgates To Fraud’,https://www.dailywire.com/news/attorney-general-william-barr-mail-in-voting-absolutely-opens-the-floodgates-to-fraud/,1130
3253,1859267,Hundreds of MI Residents Turn Over Unsolicited Ballot Applications Sent to Dead Noncitizen Underage 'Voters',https://www.breitbart.com/politics/2020/06/19/hundreds-of-michigan-residents-turn-over-unsolicited-ballot-applications-sent-to-dead-noncitizen-underage-voters/,1056
3254,1876748,New Jersey politicians charged in massive mail-in ballot voter fraud scheme face years in prison,https://www.theblaze.com/news/new-jersey-politicians-charged-in-massive-voter-fraud-scheme-in-election-with-only-mail-in-ballots,962
3255,1873510,New Jersey Mail-in Ballots Reportedly Destroyed in Mail Truck Fire,https://www.breitbart.com/politics/2020/06/25/new-jersey-mail-in-ballots-reportedly-destroyed-in-mail-truck-fire/,643
3256,1873250,Barr Falls Apart When Pressed For Evidence Of Mail In Ballot Fraud,https://www.politicususa.com/2020/06/25/barr-mail-in-voting.html,512
3257,1860343,Tom Fitton: Radical Left Is Using Mail-in-Voting to Steal Our Election - DOJ and Republicans DO NOTHING (VIDEO),https://www.thegatewaypundit.com/2020/06/tom-fitton-radical-left-using-mail-voting-steal-election-doj-republicans-nothing-video/,471
3258,1865834,8 Key Points to Distinguish Absentee and All-Mail Voting,https://www.dailysignal.com/2020/06/22/8-key-points-to-distinguish-absentee-and-all-mail-voting/,445
3259,1853618,Virus Update: California’s Mail-in Ballot Scam,https://www.judicialwatch.org/investigative-bulletin/virus-update-californias-mail-in-ballot-scam/,428
3260,1864965,Hundreds of NJ Republicans Received Mail-in Ballot Featuring Democrats,https://www.breitbart.com/politics/2020/06/22/hundreds-new-jersey-republicans-received-mail-in-primary-ballot-featuring-democrat-candidates/,412
3261,1874017,Minneapolis council puts plan to abolish police in motion,https://www.breitbart.com/news/minneapolis-council-puts-plan-to-abolish-police-in-motion/,303
3262,1877181,Trump’s war on mail-in ballots is blowing up in his face and hurting Republicans: report,https://www.rawstory.com/2020/06/trumps-war-on-mail-in-ballots-is-blowing-up-in-his-face-and-hurting-republicans-report/,215
3263,1873695,Trump: Mail-in Voting 'the Biggest Risk We Have' Absentee Is 'Okay',https://www.breitbart.com/clips/2020/06/25/trump-mail-in-voting-the-biggest-risk-we-have-absentee-is-okay/,190
3264,1850754,Former Top Michigan Elections Official Slams Mass Mail-In Vote,https://freebeacon.com/2020-election/former-top-michigan-elections-official-slams-mass-mail-in-vote/,170
3265,1852087,Further Data On Absentee Ballot Requests in KY For Upcoming June Primary.,https://www.dailykos.com/stories/2020/6/16/1953628/-Further-Data-On-Absentee-Ballot-Requests-in-KY-For-Upcoming-June-Primary,144
3266,1871275,California Legislature Repeals Proposition 209; Places Race-based Affirmative Action on Ballot,https://www.breitbart.com/politics/2020/06/24/california-legislature-repeals-proposition-209-places-race-based-affirmative-action-on-ballot/,131
3267,1863159,Republicans get mailed misprinted ballots with Democratic candidates listed instead,https://www.wnd.com/2020/06/republicans-nj-town-get-mailed-misprinted-ballots-democratic-candidates-listed-instead/,130
3268,1850980,Morning Digest: Virginia GOP 'rising star' could get kicked off ballot for second time in two years,https://www.dailykos.com/stories/2020/6/16/1953406/-Morning-Digest-Virginia-GOP-rising-star-could-get-kicked-off-ballot-for-second-time-in-two-years,123
3269,1852828,Rodney Davis: Mail-In Voting Ballot Harvesting 'Ripe for Corruption',https://www.breitbart.com/politics/2020/06/16/exclusive-rodney-davis-mail-in-voting-ballot-harvesting-ripe-for-corruption/,114
3345,1890561,HUGE! Supreme Court Stops Obama Judge From Ending Voter ID For Voting in Alabama,https://www.thegatewaypundit.com/2020/07/huge-supreme-court-stops-obama-judge-ending-voter-voting-alabama/,5955
3346,1904608,West Virginia mail carrier busted for helping GOP by tampering with absentee ballot requests,https://www.rawstory.com/2020/07/west-virginia-mail-carrier-busted-for-helping-gop-by-tampering-with-absentee-ballot-requests/,1681
3347,1907386,Postal Worker Pleads Guilty to Altering Party Affiliation on Ballot Requests,https://www.breitbart.com/politics/2020/07/11/mail-carrier-pleads-guilty-election-fraud-altered-party-affiliation-absentee-ballot-requests/,971
3348,1900110,BUSTED: Trump family members encouraged supporters to vote by mail in recent robocalls,https://www.rawstory.com/2020/07/busted-trump-family-members-encouraged-supporters-to-vote-by-mail-in-recent-robocalls/,794
3349,1879855,Oregon Man Threatened With Felony After State Sends Him Two Ballots,https://www.thegatewaypundit.com/2020/06/readyoregon-man-threatened-felony-state-sends-two-ballots/,765
3350,1889287,Stacey Abrams: 'COVID Is a Risk' -- We Are Pushing Vote from Home for November,https://www.breitbart.com/clips/2020/07/02/stacey-abrams-covid-is-a-risk-we-are-pushing-vote-from-home-for-november/,584
3351,1905851,Dead Cat Gets Voter Registration Card In The Mail,https://dailycaller.com/2020/07/10/dead-cat-voter-registration-mail-ballot-fraud/,538
3352,1896327,Trump is ‘going too far’ in his culture war drumbeat — and it’s scaring voters: GOP analysts,https://www.rawstory.com/2020/07/trump-is-going-too-far-in-his-culture-war-drumbeat-and-its-scaring-voters-gop-analysts/,438
3353,1898493,Stacey Abrams: Constitution 'Began the Practice of Voter Suppression',https://www.breitbart.com/politics/2020/07/07/stacey-abrams-u-s-constitution-began-the-practice-of-voter-suppression/,424
3354,1908589,Problems With Absentee Ballots in Wisconsin Hint at Election Nightmare,https://pjmedia.com/news-and-politics/rick-moran/2020/07/12/problems-with-absentee-ballots-in-wisconsin-hint-at-election-nightmare-n633255,420
3355,1905470,Republican Pleads Guilty To Attempted Election Fraud With Mail In Ballots,https://www.politicususa.com/2020/07/10/republican-election-fraud.html,406
3356,1880159,Massive Mail-In Voter Fraud Identified in New Jersey -- Democrats Caught Harvesting Ballots in Bundles Refuse to Step Down from Office,https://www.thegatewaypundit.com/2020/06/massive-mail-voter-fraud-identified-new-jersey-democrats-caught-harvesting-ballots-bundles-refuse-step-office/,371
3357,1895116,Tuberville's Past Plagues Campaign as Alabama U.S. Senate GOP Primary Runoff Approaches,https://www.breitbart.com/politics/2020/07/06/tubervilles-past-plagues-campaign-as-alabama-u-s-senate-gop-primary-runoff-approaches/,322
3358,1896261,Kanye West Announces Plan To Run For President,https://www.theonion.com/kanye-west-announces-plan-to-run-for-president-1844283828,290
3359,1893977,No Kanye West isn’t really running for President,https://www.palmerreport.com/analysis/no-kanye-west-isnt-really-running-for-president/30311/,205
3360,1903906,Thousands of North Carolina Voters Double-Voted Watchdog Group Finds.,https://www.dailysignal.com/2020/07/09/thousands-of-north-carolina-voters-double-voted-watchdog-group-finds/,191
3361,1900256,Trump’s Daughter-in-Law Recorded Robocall Encouraging Mail-In Voting,https://www.politicususa.com/2020/07/08/trumps-daughter-in-law-recorded-robocall-encouraging-mail-in-voting.html,183
3362,1908223,Here come the desperate GOP strategies as Donald Trump circles the drain,https://www.palmerreport.com/analysis/here-come-the-desperate-gop-strategies-as-donald-trump-circles-the-drain/30461/,179
3363,1905830,Soros Groups’ Vote-by-Mail Drive Aims to Expand Government Control,https://www.dailysignal.com/2020/07/10/soros-groups-vote-by-mail-drive-aims-to-expand-government-control/,165
3364,1890816,Supreme Court stops Obama judge from ending voter ID for voting in Alabama - WND,https://www.wnd.com/2020/07/supreme-court-stops-obama-judge-ending-voter-voting-alabama/,153
3365,1904367,Trump's reelection may be sucking wind but Senate Republicans are sucking even worse,https://www.dailykos.com/stories/2020/7/9/1959588/-Gotta-hand-it-to-Senate-Republicans-they-re-running-even-worse-than-Trump,145
3366,1880677,Trump Defends Absentee Voting as More Secure than Universal Vote-by-Mail,https://www.breitbart.com/politics/2020/06/29/donald-trump-defends-absentee-voting-as-more-secure-than-universal-vote-by-mail-where-bad-things-happen/,118
3367,1900186,Vote-by-mail Would Create Chaos and Distrust in November,https://www.judicialwatch.org/in-the-news/litton-distrust/,112
3368,1894145,'Don't fall for this stunt': Kanye West's presidential bid dismissed by some as ploy for Trump,https://www.dailykos.com/stories/2020/7/5/1958412/--Don-t-fall-for-this-stunt-Kanye-West-s-presidential-bid-dismissed-by-some-as-ploy-for-Trump,107
3445,1925157,GOP Wins Court Case Keeping Florida Ballot Harvesting Ban in Place,https://www.breitbart.com/politics/2020/07/19/gop-wins-court-case-ballot-harvesting-ban-upheld-in-florida/,4921
3446,1938411,USPS Fails Mail-In Ballot Test,https://pjmedia.com/news-and-politics/rick-moran/2020/07/25/usps-fails-mail-in-ballot-test-n697455,4611
3447,1915386,Mail-In Ballot Fraud in New Jersey Signals National Trouble,https://www.judicialwatch.org/investigative-bulletin/mail-in-ballot-fraud-in-new-jersey-signals-national-trouble/,3938
3448,1934543,DOJ Announces Charges Against Former Democrat Congressman For Ballot Stuffing Bribery and Obstruction,https://www.thegatewaypundit.com/2020/07/doj-announces-charges-former-democrat-congressman-ballot-stuffing-bribery-obstruction/,689
3449,1925149,Engelbrecht: Mail-In Voting Is 'Engineered Chaos' to Manipulate Election,https://www.breitbart.com/politics/2020/07/19/exclusive-catherine-engelbrecht-mail-voting-engineered-chaos/,522
3450,1937853,Indictment of Former Congressman Widens Voter Fraud Case in Philly,https://www.dailysignal.com/2020/07/24/indictment-of-former-democrat-congressman-widens-voter-fraud-case-in-philadelphia/,333
3451,1923533,Georgia Democrats scramble to replace John Lewis on the 2020 ballot — before Monday deadline,https://www.rawstory.com/2020/07/georgia-democrats-scramble-to-replace-john-lewis-on-the-2020-ballot-before-monday-line/,312
3452,1935322,Democratic Ex-Congressman Charged With Rigging Votes Bribery Falsifying Records And Obstruction,https://www.zerohedge.com/political/democratic-ex-congressman-charged-rigging-votes-bribery-falsifying-records-and,239
3453,1915748,REPORT: Kanye West Drops Out Of Presidential Race,https://amp.dailycaller.com/2020/07/15/kanye-west-president-drop-out-2020-election?__twitter_impression=true,208
3454,1935141,Ex-Con Dem Congressman Charged With Ballot Stuffing Bribery,https://freebeacon.com/democrats/ex-con-dem-congressman-charged-with-ballot-stuffing-bribery/,195
3455,1916018,Kanye West Is Reportedly Pulling Out Of Presidential Race After Polling At Just 2% In National Survey,https://www.zerohedge.com/political/after-polling-just-2-national-presidential-poll-kanye-west-reportedly-pulling-out-race,165
3456,1923922,Kanye West to Hold Campaign Rally in South Carolina on Sunday: Report,https://www.thegatewaypundit.com/2020/07/kanye-west-hold-campaign-rally-south-carolina-sunday-report/,165
3457,1942276,Just In: Voter Fraud Proof Shows Dems Desperate To Steal Election,https://conservativedailypost.com/proof-voter-fraud-is-real-cases-mount-up-as-dems-deny-truth/,144
3458,1924585,Kanye West Holding First 2020 Campaign Event in South Carolina,https://www.breitbart.com/entertainment/2020/07/19/kanye-west-holding-first-2020-campaign-event-in-south-carolina/,143
3459,1927129,Nikema Williams to replace John Lewis on November ballot,https://www.rawstory.com/2020/07/nikema-williams-to-replace-john-lewis-on-november-ballot/,121
3460,1929667,Janet Morana: Why This Pro-Life Catholic Is Voting for Trump,https://www.breitbart.com/2020-election/2020/07/21/janet-morana-why-this-pro-life-catholic-is-voting-for-trump/,114
3545,1975365,Kanye West’s lawyer demands Democrats prove Mickey Mouse didn’t really sign his ballot petition in Wisconsin,https://www.rawstory.com/2020/08/kanye-wests-lawyer-demands-democrats-prove-mickey-mouse-didnt-really-sign-his-ballot-petition-in-wisconsin/,6864
3546,1959303,New NV Law Allows Democrats to Enter Nursing Homes Vote for Dementia Patients without Their Signature (VIDEO),https://www.thegatewaypundit.com/2020/08/new-nv-law-allows-democrats-enter-nursing-homes-vote-dementia-patients-without-signature-video/?fbclid=IwAR1FxBZFEEbNthQsreqrWnc63V5jek3suKLejpl7XCL-IA9jzB_yQm3Ree8,5792
3547,1969044,Kanye West removed from state ballot,https://www.palmerreport.com/analysis/kanye-west-removed-from-state-ballot/31422/,2766
3548,1968415,Exposed: Kanye West’s ballot petition in Wisconsin contains multiple forgeries,https://www.palmerreport.com/analysis/kanye-west-ballot-petition-is-full-of-forgeries/31400/,2190
3549,1957996,See You in Court! - President Trump to Challenge Nevada Dems' Mail-In Voting and Illegal Ballot Harvesting,https://www.thegatewaypundit.com/2020/08/see-court-president-trump-challenge-nevada-dems-mail-voting-illegal-ballot-harvesting/,1273
3550,1961496,Shock: NBC Admits New York’s Mail-In Ballot System Is a ‘Fiasco’,https://www.newsbusters.org/blogs/nb/nicholas-fondacaro/2020/08/04/shock-nbc-admits-new-yorks-mail-ballot-system-fiasco,897
3551,1965808,Vote by Mail Chaos: Liberal Group Sent Thousands of Illegal Incorrect Pre-Filled Absentee Ballot Request Forms to Voters,https://www.thegatewaypundit.com/2020/08/vote-mail-chaos-liberal-group-sends-thousands-illegal-incorrect-pre-filled-absentee-ballot-request-forms-voters/,457
3552,1973326,Eric Trump tells supporters to ‘mail in your ballot’ amid president’s relentless attacks on mail-in voting,https://www.rawstory.com/2020/08/eric-trump-tells-supporters-to-mail-in-your-ballot-amid-presidents-relentless-s-on-mail-in-voting/,341
3554,1958946,Here’s How Ballot Harvesting Could Affect Your State In November,https://dailycaller.com/2020/08/03/ballot-harvesting-mail-in-voting-november-election/,303
3555,1954941,BREAKING: Nevada Democrats Pass Divisive Mail-In Voting Law 97 Days Out from Election -- ALLOWS ILLEGAL BALLOT HARVESTING!,https://www.thegatewaypundit.com/2020/08/breaking-nevada-democrats-pass-divisive-mail-voting-law-97-days-election-allows-illegal-ballot-harvesting/,236
3556,1961831,L.A. County Supervisors Vote to Put Defunding Police on November Ballot,https://www.breitbart.com/2020-election/2020/08/04/la-county-vote-defund-police-ballot/,208
3557,1972542,Blamestorm begins over botched ballot delivery in Puerto Rico's primary election,https://www.dailykos.com/stories/2020/8/10/1968021/-Blamestorm-begins-over-botched-ballot-delivery-in-Puerto-Rico-s-primary-election,201
3558,1952743,‘Listen You Know Nothing About What I Do’: Trump Scolds Reporter Over Mail-In Ballot Question,https://dailycaller.com/2020/07/31/trump-scolds-reporter-mail-in-ballot-question/,188
3559,1955709,Do not vote by mail. I repeat: DO NOT VOTE BY MAIL! Do this instead.,https://www.dailykos.com/stories/2020/8/2/1965837/-Do-not-vote-by-mail-I-repeat-DO-NOT-VOTE-BY-MAIL-Do-this-instead,187
3560,1969036,Liberal Group Sends 800000 Voters Mail-In Ballot Apps Many With Wrong Info,https://www.newsmax.com/politics/mail-invoting-applications-liberal/2020/08/07/id/981194/,186
3561,1952041,Former Michigan Governor: What If Trump Seizes Ballot Boxes?,https://www.politicususa.com/2020/07/31/former-michigan-governor-what-if-trump-seizes-ballot-boxes.html,161
3562,1960403,Trump backtracks on Florida mail-in voting: ‘I encourage all to request a Ballot & Vote by Mail’,https://www.rawstory.com/2020/08/trump-backtracks-on-florida-mail-in-voting-i-encourage-all-to-request-a-ballot-vote-by-mail/,132
3563,1951788,Video from 2004 Shows Trump Failing to Vote in Person Threatening to Use Absentee Ballot,https://www.politicususa.com/2020/07/31/video-from-2004-shows-trump-failing-to-vote-in-person-threatening-to-use-absentee-ballot.html,125
3565,1949159,Trump Suggests Delaying the Election to Prevent Mail-In Ballot Fraud,https://www.politicususa.com/2020/07/30/trump-suggests-delaying-the-election-to-prevent-mail-in-ballot-fraud.html,106
3566,1954809,Pennsylvania to Pay Mail-In Ballot Postage for November General Election,https://www.breitbart.com/2020-election/2020/08/01/pennsylvania-pay-mail-in-ballot-postage-november-general-election/,106
3567,1969687,Postal Service Triples the Cost of Mailing Ballots to Voters,https://www.dailykos.com/stories/2020/8/8/1967638/-Postal-Service-Triples-the-Cost-of-Mailing-a-Ballot,102
3645,1987163,Peter Navarro: Dems Want USPS to Be 'Ballot-Harvesting Service',https://www.breitbart.com/clips/2020/08/16/peter-navarro-dems-want-usps-to-be-ballot-harvesting-service/,5780
3646,2002631,Detroit Absentee Ballot Chaos as Numbers Don't Match,https://www.breitbart.com/politics/2020/08/23/detroit-absentee-ballot-chaos-inaccurate-cant-even-attempt-make-right/amp/?__twitter_impression=true,2911
3647,1993673,Man Pleads Guilty To Mail-In Ballot Fraud After Voting For Dead Mother In Three Elections,https://www.thegatewaypundit.com/2020/08/man-pleads-guilty-mail-ballot-fraud-voting-dead-mother-three-elections/,728
3649,1986577,Imagine 'Antifa Ballot-Harvesters.' It Isn't Hard To Do.,https://pjmedia.com/columns/victoria-taft/2020/08/16/imagine-antifa-ballot-harvesters-it-isnt-hard-to-do-n776914,446
3650,1999676,Kanye West fails to make the ballot in another key swing state,https://www.palmerreport.com/analysis/kanye-west-fails-to-make-the-ballot-in-another-key-swing-state/31757/,239
3651,2006949,Why Is The New Hampshire GOP Sending Absentee Ballot Applications To Pittsburgh?,https://crooksandliars.com/2020/08/why-new-hampshire-gop-sending-absentee,201
3652,1993916,Trump Is Suing 3 Democratic Iowa Counties To Invalidate Absentee Ballot Requests,https://www.politicususa.com/2020/08/19/trump-is-suing-3-democratic-iowa-counties-to-invalidate-absentee-ballot-requests.html,190
3653,1984276,The ballot made simple,https://www.wnd.com/2020/08/ballot-made-simple/,160
3654,2004729,Trump Hammers Democrats For Alleged Ballot ‘Harvesting’ During His First Remarks At 2020 RNC,https://dailycaller.com/2020/08/24/watch-trump-rnc-speech-democrats-ballot-harvesting/,156
3655,2004762,Detroit Absentee Ballot Chaos: ‘So Inaccurate We Can’t Even Attempt to Make Right’,https://truepundit.com/detroit-absentee-ballot-chaos-so-inaccurate-we-cant-even-attempt-to-make-right/,155
3656,1992929,Eric Holder: 'Our Democracy Is on the Ballot This November',https://www.breitbart.com/clips/2020/08/18/eric-holder-our-democracy-is-on-the-ballot-this-november/,152
3657,2002227,Trump Moves To Suppress Ballot Drop Boxes After Realizing He Doesn't Control Them,https://crooksandliars.com/2020/08/trump-moves-suppress-ballot-drop-boxes,145
3658,2007744,Dem Nevada Governor Sisolak Rejects Republican Secretary of State's Request to Require 'Ballot Harvesters' Register,https://www.thegatewaypundit.com/2020/08/dem-nevada-governor-sisolak-rejects-republican-secretary-states-request-require-ballot-harvesters-register/,119
3659,2010021,Kanye West Brings Legal Challenge to Ballot Ban in Ohio,https://freebeacon.com/2020-election/kanye-west-brings-legal-challenge-to-ballot-ban-in-ohio/,100
3745,2014871,Iowa Judge Voids 50000 Absentee Ballot Requests,https://www.breitbart.com/politics/2020/08/28/iowa-judge-voids-50000-absentee-ballot-requests/,5403
3746,2017092,Judge Tosses 50000 Absentee Ballot Requests After Commissioner Fills Out Voter Information,https://www.dailywire.com/news/judge-tosses-50000-absentee-ballot-requests-after-commissioner-fills-out-voter-information,2429
3747,2016822,Trump Is Suing Pennsylvania To Block Votes From Being Counted,https://www.politicususa.com/2020/08/29/trump-pennsylvania-ballot-drop-boxes.html,1198
3748,2031252,Twitter Slaps Warning on Trump Tweets Doesn’t Disclose Partnership with Mail-in Ballot Groups,https://www.breitbart.com/politics/2020/09/04/twitter-slaps-warning-on-trump-tweets-doesnt-disclose-partnership-with-groups-pushing-mail-in-ballots/,897
3749,2020148,Hollywood Celebrities Team Up with Anti-Trump Republicans to Push Vote By Mail,https://www.breitbart.com/entertainment/2020/08/31/hollywood-celebrities-team-up-with-anti-trump-republicans-to-push-vote-by-mail/,857
3750,2031114,SHIRLEY: Don’t Let Some Liberals Fool You. Voter Fraud Is Real And It’s Been Used Before,https://dailycaller.com/2020/09/04/shirley-dont-let-some-liberals-fool-you-voter-fraud-is-real-and-its-been-used-before/,308
3751,2015016,Judge Rules 50000 Iowa Absentee Ballot Applications Invalid,https://pjmedia.com/election/rick-moran/2020/08/28/judge-rules-50000-iowa-absentee-ballot-applications-invalid-n862502,304
3752,2027792,For the second day in a row Trump tells voters to commit fraud – a felony – by voting twice,https://www.rawstory.com/2020/09/for-the-second-day-in-a-row-trump-tells-voters-to-commit-fraud-a-felony-by-voting-twice/,244
3753,2018629,Judge Sides With Trump Campaign Voids 50000 Absentee Ballot Requests In Iowa County,https://www.zerohedge.com/political/judge-sides-trump-campaign-voids-50000-absentee-ballot-requests-iowa-county,242
3754,2035376,Far Left Michigan Secretary of State Announces Michigan Will Not Have Results on Election Night - May Take A WEEK to Count All Votes! (Video),https://www.thegatewaypundit.com/2020/09/far-left-michigan-secretary-state-announces-michigan-will-not-results-election-night-may-take-week-count-votes-video/,241
3755,2014674,Judge Orders An Iowa County To Invalidate 50000 Absentee Ballot Requests,https://dailycaller.com/2020/08/28/judge-rejects-50000-absentee-ballot-requests-pre-filled-trump-campaign-sued/,229
3756,2035879,Battleground States May See Unprecedented Amounts Of Absentee Ballot Rejections,https://dailycaller.com/2020/09/07/battleground-states-unprecedented-absentee-ballot-rejections/,197
3757,2031181,Cartoon: Jerk-in-the-ballot-box,https://www.dailykos.com/stories/1974856,194
3758,2038491,Democrats are smoking Trump in mail voting requests in a state he can’t afford to lose: report,https://www.rawstory.com/2020/09/democrats-are-smoking-trump-in-mail-voting-requests-in-a-state-he-cant-afford-to-lose-report/,175
3759,2025139,Why Is Georgia GOP Sending Absentee Ballot Applications To New Jersey?,https://crooksandliars.com/2020/09/why-georgia-gop-sending-absentee-ballot,154
3760,2035094,Texas Supreme Court rejects Republicans’ attempt to remove 44 Libertarians from the November ballot,https://www.rawstory.com/2020/09/texas-supreme-court-rejects-republicans-attempt-to-remove-44-libertarians-from-the-november-ballot/,130
3761,2032628,California to Offer Drive-Thru Voting for November Election in Orange County,https://www.breitbart.com/2020-election/2020/09/05/california-to-offer-drive-thru-voting-for-november-election-in-orange-county/,119
3845,2076569,Mark Meadows Attacks FBI Director Christopher Wray Over Mail-In Ballot Debate,https://amp.dailycaller.com/2020/09/25/chief-of-staff-mark-meadows-fbi-director-christopher-wray-mail-in-ballot-election-fraud-cbs-interview-senate-hearing?__twitter_impression=true,7500
3846,2060981,Michigan Joins Pennsylvania - Will Accept Late Ballots for 14 Days After Election and Ballot Harvesting,https://www.thegatewaypundit.com/2020/09/michigan-joins-pennsylvania-will-accept-late-ballots-14-days-election-will-allow-ballot-harvesting/,4202
3847,2061297,Tulsi Gabbard Proposes Plan to Ban Ballot Harvesting for 2020 Election,https://www.breitbart.com/politics/2020/09/18/tulsi-gabbard-proposes-plan-to-ban-ballot-harvesting-for-2020-election/,1764
3848,2072398,Minnesota Sued for Allowing Ballots 8 Days After Election With No Postmark,https://freebeacon.com/2020-election/minnesota-sued-over-mail-in-ballot-ruling/,1319
3849,2058572,PA Supreme Court Sides with Dems: Mail-In Ballot Deadline 3 Days After Election,https://www.breitbart.com/politics/2020/09/17/pennsylvania-supreme-court-sides-with-democrats-mail-in-ballot-deadline-extended-3-days-after-election/,977
3850,2075712,‘Organized Election Fraud’: 4 People Including Texas County Commissioner Charged In Mail Ballot Fraud Scheme,https://dailycaller.com/2020/09/24/texas-attorney-general-mail-in-ballot-election-fraud/,862
3851,2050355,Joe Biden Avoids Vote-by-Mail Casts Ballot In-Person,https://www.breitbart.com/politics/2020/09/14/joe-biden-avoids-vote-by-mail-casts-ballot-in-person/,685
3852,2075307,Three Trays Of Mail Including Absentee Ballots Found In Wisconsin Ditch,https://dailycaller.com/2020/09/24/wisconsin-mail-in-voting-absentee-ballot-usps-election/,614
3853,2076703,Democrat Primary: Arrests Made in Illegal Ballot Harvesting Scheme,https://www.breitbart.com/politics/2020/09/25/democrat-primary-arrests-made-in-illegal-ballot-harvesting-scheme/,598
3854,2069764,BREAKING: North Carolina Joins Michigan and Pennsylvania - Will Accept Late Ballots For 9 Days After Election and Ballot Harvesting,https://www.thegatewaypundit.com/2020/09/breaking-north-carolina-joins-michigan-pennsylvania-will-accept-late-ballots-9-days-election-ballot-harvesting/,488
3855,2061556,Michigan Allows 'Ballot Harvesting' for More than Four Days,https://www.breitbart.com/2020-election/2020/09/18/michigan-allows-ballot-harvesting-for-more-than-four-days/,469
3856,2058389,Trump May Have Just Lost Pennsylvania As Supreme Court Extends Ballot Deadline,https://www.politicususa.com/2020/09/17/trump-pennsylvania-ballot-deadline.html,392
3857,2076885,Texas Democrat Official 3 Others Indicted on 134 Felony Counts Involving Mail-In Ballot Fraud,https://thepoliticalinsider.com/texas-democrat-official-3-others-indicted-on-134-felony-counts-involving-mail-in-ballot-fraud/,302
3858,2067526,Trump May Have Just Lost Wisconsin As Judge Extends Absentee Ballot Deadline,https://www.politicususa.com/2020/09/21/wisconsin-ballot-deadline.html,280
3859,2075789,TEXAS: Gregg County Commissioner and Three Others Arrested in Connection to Organized Ballot-Harvesting Scheme During 2018 Democrat Primary,https://www.thegatewaypundit.com/2020/09/texas-gregg-county-commissioner-three-others-arrested-connection-organized-ballot-harvesting-scheme-2018-democrat-primary/,226
3860,2074092,Mail-In Ballot Provides Box To Check That Causes Vote To Be Rejected Immediately,https://www.theonion.com/mail-in-ballot-provides-box-to-check-that-causes-vote-t-1845164813,223
3861,2077451,Four Charged with Rigging Election for Democrat with Fraudulent Mail-In Ballot Scheme,https://neonnettle.com/news/12698-four-charged-with-rigging-election-for-democrat-with-fraudulent-mail-in-ballot-scheme,196
3862,2062399,VIDEO: Tulsi Gabbard Slams Ballot Harvesting as ‘Ripe for Fraud’ Introduces New Election Security Bill,https://www.infowars.com/video-tulsi-gabbard-slams-ballot-harvesting-as-ripe-for-fraud-introduces-new-election-security-bill/,191
3863,2060395,New York Times: Mail Ballot 'Error and Fraud Rises',https://patriotpost.us/articles/73551-new-york-times-mail-ballot-error-and-fraud-rises-2020-09-18,160
3864,2071776,**ELECTION INTEGRITY CRISIS** Dirty Voter Rolls Ballot Harvesting & Mail-in-Voting Risks!,https://www.judicialwatch.org/videos/dirty-voter-rolls-risks/,158
3865,2076077,Texas Attorney General Announces Arrests In Fraudulent Mail-In Ballot Scheme In Democrat Primary,https://www.dailywire.com/news/texas-attorney-general-announces-arrests-in-fraudulent-mail-in-ballot-scheme-in-democrat-primary,145
3866,2061625,Last Honest Democrat Rep. Tulsi Gabbard and GOP Rep. Rodney Davis Introduce Election Fraud Prevention Act to Ban Ballot Harvesting,https://www.thegatewaypundit.com/2020/09/last-honest-democrat-rep-tulsi-gabbard-gop-rep-rodney-davis-introduce-election-fraud-prevention-act-ban-ballot-harvesting/,121
3867,2060524,Michigan Joins Pennsylvania With Mail-In-Ballot Extension,https://www.zerohedge.com/political/michigan-joins-pennsylvania-mail-ballot-extension,117
3868,2057622,Trump Rages About Mail Ballot ‘Mayhem’ — Claims That 2020 Results ‘May Never Be Accurately Determined’,https://dailycaller.com/2020/09/17/trump-tweet-election-mayhem-mail-ballots-never-accurately-determined/,114
3945,2081743,Project Veritas Exposes Ilhan Omar Allies in Alleged Ballot Harvesting Operation in Minnesota,https://www.breitbart.com/politics/2020/09/27/breaking-project-veritas-ballot-harvesting-minnesota/amp/?__twitter_impression=true,18959
3946,2083787,Joe Biden's Texas Political Director Dallas Jones Accused of Illegal Ballot Harvesting,https://www.thegatewaypundit.com/2020/09/joe-bidens-texas-political-director-dallas-jones-accused-illegal-ballot-harvesting/,16591
3947,2085366,Ilhan Omar Seen Driving Giant Industrial Ballot Harvester Through Minneapolis,https://babylonbee.com/news/ilhan-omar-seen-driving-giant-industrial-ballot-harvester-through-minneapolis,3479
3948,2104493,DESTROYED: Tons of Trump mail-in ballot applications SHREDDED in back of tractor trailer headed for Pennsylvania,https://therightscoop.com/destroyed-tons-of-trump-mail-in-ballot-applications-shredded-in-back-of-tractor-trailer-headed-for-pennsylvania/,2433
3949,2085903,Nearly 100000 Brooklyn Voters Got Wrong Ballot Return Envelopes,https://www.breitbart.com/politics/2020/09/29/nearly-100000-brooklyn-voters-got-wrong-ballot-return-envelopes/amp/?__twitter_impression=true,2344
3950,2082411,Donald Trump: Minnesota Should Investigate 'Totally Illegal' Ballot Harvesting Scheme,https://www.breitbart.com/politics/2020/09/28/donald-trump-minnesota-should-investigate-totally-illegal-ballot-harvesting-scheme/,951
3951,2084572,Democrat Tulsi Gabbard On Project Veritas Videos: ‘Offers Further Evidence Of The Need To Ban Ballot Harvesting’,https://www.dailywire.com/news/democrat-tulsi-gabbard-on-project-veritas-videos-offers-further-evidence-of-the-need-to-ban-ballot-harvesting?fbclid=IwAR3sLjiGOACDR7wcdYr_U5SCNNnAIVNEQaZtQ8E4o2gERx0v7MtoOrx-jZ4,948
3952,2090801,Greg Abbott Closes Down Ballot Drop Off Offices To Rig Texas For Trump,https://www.politicususa.com/2020/10/01/texas-ballot-drop-off-offices.html?fbclid=IwAR2Gf5P5KuQ9DKyX1leKbxwogh0ms6-x2WhdmlXPlDEKXKtI9dquklIeszo,754
3953,2083992,Biden's Texas Political Director Other Democrats Accused In Illegal Ballot Harvesting Scheme,https://pjmedia.com/election/bryan-preston/2020/09/28/bidens-texas-political-director-other-democrats-accused-in-illegal-ballot-harvesting-scheme-n983458,653
3954,2097290,Registered Democrat charged with felony for allegedly trying to obtain ballot for deceased wife,https://www.theblaze.com/news/florida-democrat-arrested-absentee-ballot-deceased-wife,641
3955,2084775,Tulsi Gabbard Says Bipartisan Bill Banning Ballot Harvesting Will Protect ‘Sacred Right To Vote’,https://dailycaller.com/2020/09/29/tulsi-gabbard-bipartisan-bill-rodney-davis-banning-ballot-harvesting-right-vote/,577
3956,2091591,Nassau County: Hundreds Received Wrong Absentee Ballot Envelopes,https://www.breitbart.com/2020-election/2020/10/01/nassau-county-hundreds-received-wrong-absentee-ballot-envelopes/,577
3957,2085098,Gabbard Offers Legislation to Ban ‘Ripe for Fraud’ Ballot Harvesting,https://www.breitbart.com/2020-election/2020/09/29/tulsi-gabbard-introduces-legislation-to-ban-ripe-for-fraud-ballot-harvesting/,502
3958,2098613,"Crooked Democrat Requests Ballot for Dead Wife -- Says ""I Haven't Done Anything Wrong""",https://www.thegatewaypundit.com/2020/10/crooked-democrat-requests-ballot-dead-wife-says-havent-done-anything-wrong/,494
3959,2083264,Trump Campaign GOP Sue to Block North Carolina's New Mail-in Ballot Rules #StopTheSteal,https://www.thegatewaypundit.com/2020/09/trump-campaign-gop-sue-block-north-carolinas-new-mail-ballot-rules-stopthesteal/,446
3960,2081274,Texas Attorney General Announces Arrests In Fraudulent Mail-In Ballot Scheme In Democrat Primary,https://truepundit.com/texas-attorney-general-announces-arrests-in-fraudulent-mail-in-ballot-scheme-in-democrat-primary/,426
3961,2096722,Democrat Charged for Allegedly Requesting Ballot for Dead Wife,https://www.breitbart.com/2020-election/2020/10/04/democrat-charged-with-voter-fraud-after-allegedly-requesting-ballot-for-dead-wife/,417
3962,2107555,Texas mayoral candidate charged with 109 felonies related to mail-in ballot voter fraud,https://www.theblaze.com/news/carrollton-muhamed-ballot-fraud-felony,356
3963,2109343,Nearly 50000 Voters Receive Wrong Ballot in Ohio County,https://www.breitbart.com/2020-election/2020/10/09/nearly-50000-voters-receive-wrong-ballot-ohio-county/,240
3964,2086280,WATCH: Tulsi Gabbard Addresses Ballot Harvesting After Alleged Ilhan Omar Scandal (VIDEO),https://www.thegatewaypundit.com/2020/09/watch-tulsi-gabbard-addresses-ballot-harvesting-alleged-ilhan-omar-scandal-video/?ff_campaign=websitesharingbuttons&ff_source=Twitter,234
3965,2084128,BREAKING: James O’Keefe drops another BOMBSHELL on Ilhan Omar ballot harvesting,https://therightscoop.com/breaking-james-okeefe-drops-another-bombshell-on-ilhan-omar-ballot-harvesting/,214
3966,2098511,Florida Registered Dem Charged After Allegedly Requesting Ballot For Dead Wife,https://dailycaller.com/2020/10/05/florida-man-arrested-charged-mail-ballot-dead-wife-manatee-county/,195
3967,2109262,Clinton-Appointed Judge Rules Ohio Must Allow For Multiple Ballot Drop Boxes,https://www.thegatewaypundit.com/2020/10/clinton-appointed-judge-rules-ohio-must-allow-multiple-ballot-drop-boxes/,192
3968,2104408,Watch: Celebs Strip ‘Naked’ for Election Ballot PSA,https://www.breitbart.com/entertainment/2020/10/07/celebs-strip-naked-for-election-ballot-psa/?__twitter_impression=true,177
3969,2111211,Ballot Theft! MIA Candidates! It's Time for This Week's Wrap-Up of Ballot Shenanigans!,https://pjmedia.com/uncategorized/victoria-taft/2020/10/10/ballot-theft-mia-candidates-its-time-for-this-weeks-wrap-up-of-ballot-shenanigans-n1027188,150
3970,2109483,NH Residents Get Unidentified Mailers with Absentee Ballot Applications,https://www.breitbart.com/2020-election/2020/10/09/you-are-needed-new-hampshire-residents-receive-unidentified-mailers-with-absentee-ballot-applications/,142
3971,2085110,Tulsi Gabbard Raises the Alarm: 'Ballot Harvesting Has Allowed for Fraud and Abuse',https://pjmedia.com/news-and-politics/tyler-o-neil/2020/09/29/tulsi-gabbard-raises-the-alarm-ballot-harvesting-has-allowed-for-fraud-and-abuse-n984786,127
3972,2084321,Biden Texas Political Director Among Dems Alleged to Be Involved in Ballot Harvesting in Legal Case Filed,https://www.redstate.com/nick-arama/2020/09/28/biden-texas-political-director-among-dems-alleged-to-be-involved-in-ballot-harvesting-in-legal-case-filed/,126
3973,2082336,FRAUD EXPOSED: Undercover Video Shows ‘Ballot Harvesting Scheme’ in Minneapolis Links to Omar,https://hannity.com/media-room/fraud-exposed-undercover-video-shows-ballot-harvesting-scheme-in-minneapolis-links-to-omar/,108
3974,2088326,Here Are All The States That Have Extended Their Mail-In Ballot Receipt Deadline,https://dailycaller.com/2020/09/30/mail-in-voting-absentee-ballot-deadline-extension-donald-trump-joe-biden/,104
4045,2113951,‘Violation of state law’: Legal experts blast California GOP’s ‘fake’ voter ballot dropoff boxes,https://www.rawstory.com/2020/10/violation-of-state-law-legal-experts-blast-california-gops-fake-voter-ballot-dropoff-boxes/,2770
4046,2125690,HUGE! Michigan Court Steps in And Prevents 14-Day Absentee Ballot Extension,https://www.thegatewaypundit.com/2020/10/huge-michigan-court-steps-prevents-14-day-absentee-ballot-extension/,1701
4047,2133710,Florida Postal Employee Charged with Stealing Mail-In Ballot,https://www.breitbart.com/politics/2020/10/20/florida-postal-employee-charged-with-stealing-mail-in-ballot-other-mail/,1341
4048,2113835,‘Appalling criminal conduct’: California GOP accused of operating fake ‘official’ ballot drop boxes,https://www.rawstory.com/2020/10/appalling-criminal-conduct-california-gop-accused-of-operating-fake-official-ballot-drop-boxes/,821
4049,2119374,Leaked videos show Trump allies boasting about ballot harvesting — which the president decried as fraud,https://www.rawstory.com/2020/10/leaked-videos-show-trump-allies-boasting-about-ballot-harvesting-which-the-president-decried-as-fraud/,733
4050,2142329,No Signature Match? No Postmark? No Problemo! This Week In Ballot Shenanigans!,https://www.zerohedge.com/political/no-signature-match-no-postmark-no-problemo-week-ballot-shenanigans,692
4051,2121483,Ballot Update: Judicial Watch Cleans Up Dirty Voter Rolls,https://www.judicialwatch.org/investigative-bulletin/ballot-update-judicial-watch-cleans-up-dirty-voter-rolls/,541
4052,2125876,Attempted Robbery - Security Guard Assigned To Ballot Box Shot In Baltimor,https://www.zerohedge.com/political/attempted-robbery-security-guard-assigned-ballot-box-shot-baltimore,539
4053,2116324,California Republicans Defend Drop Boxes: If Democrats Can Do 'Ballot Harvesting' So Can We,https://www.breitbart.com/politics/2020/10/13/california-republicans-defend-drop-boxes-if-democrats-can-do-ballot-harvesting-so-can-we-election/,419
4054,2140478,Poll: Majority of Biden Voters Say They Have Already Cast Their Ballot,https://www.breitbart.com/politics/2020/10/23/poll-majority-biden-voters-say-already-cast-ballot/,350
4055,2132988,Democrat Ballot Harvesting in California Backfiring Spectacularly,https://pjmedia.com/election/rick-moran/2020/10/20/democrat-ballot-harvesting-in-california-backfiring-spectacularly-n1072749,311
4057,2132736,Mail Carrier Accused Of Stealing Ballot And Political Flyers,https://dailycaller.com/2020/10/20/absentee-ballot-florida-vote-election/,271
4058,2144384,Ballot collection site in Democratic enclave deliberately set on fire in ‘disgrace to democracy’: report,https://www.rawstory.com/2020/10/ballot-collection-site-in-democratic-enclave-deliberately-set-on-fire-in-disgrace-to-democracy-report/,265
4059,2141613,No Signature Match? No Postmark? No Problemo! It's This Week in Ballot Shenanigans!,https://pjmedia.com/election/victoria-taft/2020/10/23/no-signature-match-no-postmark-no-problemo-its-this-week-in-ballot-shenanigans-n1083304,207
4060,2125043,CA Attorney General Backs Down CAGOP Private Ballot Drop Boxes Will Remain,https://www.redstate.com/jenvanlaar/2020/10/16/ca-attorney-general-backs-down-cagop-private-ballot-drop-boxes-will-remain/amp/?__twitter_impression=true,168
4061,2120618,Trump’s campaign is in ‘hospice care’ as Republicans fear ‘down-ballot bloodbath’: conservative,https://www.rawstory.com/2020/10/trumps-campaign-is-in-hospice-care-as-republicans-fear-down-ballot-bloodbath-conservative/,153
4062,2138312,The Battle Over Barrett Shows How Life and Death Are on the Ballot in November,https://www.breitbart.com/politics/2020/10/22/the-battle-over-barrett-shows-how-life-and-death-are-on-the-ballot-in-november/,141
4063,2130740,Firefighters: L.A. County Ballot Box Intentionally Set On Fire,https://www.breitbart.com/politics/2020/10/19/firefighters-l-a-county-ballot-box-intentionally-set-on-fire/,132
4064,2130285,Ballot Fraud Proved Again After Kentucky USPS Worker Fired Over Trashing Ballots,https://www.redstate.com/brandon_morse/2020/10/19/ballot-fraud-kentucky/,129
4065,2120266,California GOP: Democrats Only Oppose Ballot Harvesting 'When Someone Else is Doing It',https://www.breitbart.com/2020-election/2020/10/14/california-gop-democrats-only-oppose-ballot-harvesting-when-someone-else-is-doing-it/,124
4066,2129743,New York's Botched Ballot Mailing Primary Debacle Rattle Voter Confidence,https://www.zerohedge.com/political/new-yorks-botched-ballot-mailing-rattles-voter-confidence,104
4067,2114411,California GOP Accused Of Posting Fake Ballot Drop Boxes,https://crooksandliars.com/2020/10/california-gop-accused-posting-fake-ballot,102
4068,2143750,Graham: Biden's Position on Oil the 'Dumbest Idea in the World That Is on the Ballot',https://www.breitbart.com/clips/2020/10/25/graham-bidens-position-on-oil-the-dumbest-idea-in-the-world-that-is-on-the-ballot/,101
4069,2126702,Whitmer Vetoes Ballot Integrity Bills Because They Would 'Confuse Voters',https://pjmedia.com/election/rick-moran/2020/10/17/whitmer-vetoes-ballot-integrity-bills-because-they-would-confuse-voters-n1066171,100
4145,2168163,Detroit Absentee Ballot Counting Chaos Blocked Windows and Observers,https://www.breitbart.com/politics/2020/11/04/watch-detroit-absentee-ballot-counting-chaos-as-workers-block-windows-bar-observers/,85081
4146,2176377,Investigators Dispatched After Fulton County Discovers 'Issue' with Ballot Reporting,https://www.breitbart.com/2020-election/2020/11/08/investigators-dispatched-after-fulton-county-discovers-issue-ballot-reporting/amp/?__twitter_impression=true,43579
4147,2168365,Passed California Ballot Measure Allows Uber Lyft To Categorize Workers As Car Parts,https://www.theonion.com/passed-california-ballot-measure-allows-uber-lyft-to-c-1845576241,3888
4148,2162199,DEFEND YOUR BALLOT: Trump Campaign Has Webpage to Report an Election Issue -- Pass It On...,https://www.thegatewaypundit.com/2020/11/defend-ballot-trump-campaign-webpage-report-election-issue-pass/,2912
4149,2167823,WATCH: Workers Now Covering the Windows at Detroit’s Absentee Ballot Counting Center,https://www.thegatewaypundit.com/2020/11/watch-workers-now-covering-windows-detroits-absentee-ballot-counting-center/,2472
4150,2147762,Oregon Man Receives Dead Friend's Ballot In The Mail,https://www.thegatewaypundit.com/2020/10/oregon-man-receives-dead-friends-ballot-mail/,1911
4151,2171364,Hawley: Congress Must Act 'Immediately' to Ban Ballot Harvesting,https://www.breitbart.com/clips/2020/11/05/hawley-congress-must-act-immediately-to-ban-ballot-harvesting/,1503
4152,2174657,Gosar Calls on Arizona Officials to 'Investigate the Accuracy' of the Dominion Ballot Software,https://www.breitbart.com/politics/2020/11/07/rep-gosar-calls-on-az-officials-investigate-the-accuracy-of-the-dominion-ballot-software-after-reports-of-glitches/,1477
4153,2167121,Miracle: Ballot Counter Turns 5 Biden Votes Into 5000,https://babylonbee.com/news/miracle-ballot-counter-turns-5-votes-for-biden-into-5000,1097
4154,2166958,Trump: 'Surprise Ballot Dumps' Behind Lead Changes,https://www.zerohedge.com/political/trump-surprise-ballot-dumps-behind-lead-changes,971
4155,2151628,Dozens Of Ballots Destroyed In Boston After Arsonist Sets Ballot Box On Fire,https://www.thegatewaypundit.com/2020/10/dozens-ballots-destroyed-boston-arsonist-sets-ballot-box-fire/,895
4156,2171008,"Arizona Ballot Instructions Specify: ""DO NOT USE A SHARPIE"" ""May Not Be Read By Tabulator""",https://www.thegatewaypundit.com/2020/11/arizona-ballot-instructions-specify-not-use-sharpie-may-not-read-tabulator/,788
4157,2172467,GOP Expert Describes Plan to Reveal Ballot Fraud,https://www.breitbart.com/2020-election/2020/11/06/gop-expert-describes-plan-to-reveal-ballot-fraud/,578
4158,2176257,Ken Starr: Pennsylvania Ballot Extension 'Constitutional Travesty',https://www.newsmax.com/politics/kenstarr-constitution-ballot-extension/2020/11/08/id/995995/,367
4159,2170240,Report: Mail-in Ballot Count 'Halted' in Philadelphia as Democrats Challenge Court Order,https://www.breitbart.com/politics/2020/11/05/report-mail-in-ballot-count-halted-in-philadelphia-as-democrats-challenge-court-order-allowing-gop-observers/,305
4160,2158016,‘Ballot Chaser’ Boasts She Got $55000 To Flip 5000 Votes For Biden (Video),https://www.dcclothesline.com/2020/10/31/ballot-chaser-boasts-she-got-55000-to-flip-5000-votes-for-biden-video/,209
4161,2154311,Trump Blows A Gasket And Attacks Pennsylvania For Extending Ballot Deadline,https://www.politicususa.com/2020/10/29/trump-pennsylvania-ballot-deadline-2.html,197
4162,2170007,GOP Poll Watcher Alleges Fraud at Detroit Ballot-Counting Center,https://www.breitbart.com/2020-election/2020/11/05/gop-poll-watcher-alleges-fraud-detroit-ballot-counting-center/,168
4163,2170854,Matt Gaetz attacks Nikki Haley for saying ‘the law must be followed’ on ballot count,https://www.rawstory.com/2020/11/matt-gaetz-s-nikki-haley-for-saying-the-law-must-be-followed-on-ballot-count/,150
4164,2164844,Calif. Gov. Newsom Overstepped His Authority on Mail Ballot Order Judge Rules,https://freebeacon.com/coronavirus/calif-gov-newsom-overstepped-his-authority-on-mail-ballot-order-judge-rules/,122
4165,2171551,Blue State Blues: The End of the Secret Ballot,https://www.breitbart.com/politics/2020/11/06/blue-state-blues-the-end-of-the-secret-ballot/,120
4166,2165212,Woman Flies Back To Florida Votes In-Person After Her Mail-In Ballot Never Arrived,https://dailycaller.com/2020/11/03/woman-flies-back-to-florida-votes-in-person-after-her-mail-in-ballot-never-arrived/,116
4167,2168724,KNOWLES: Trump Needs To Sit On The Ballot Box,https://www.dailywire.com/news/knowles-trump-needs-to-sit-on-the-ballot-box?%3Futm_source=twitter,115
4168,2169679,Justice Department Tells Prosecutors That Armed Federal Agents Are Allowed In Ballot-Counting Locations,https://www.dailywire.com/news/justice-department-tells-prosecutors-that-armed-federal-agents-are-allowed-in-ballot-counting-locations,103
4169,2169019,Voters Crush Progressive Ballot Initiatives Across the Country,https://freebeacon.com/2020-election/voters-crush-progressive-ballot-initiatives-across-the-country/,101
